State,School District,District ID,Year,PctBW,AIAN,Asian,API,Asian,HiPIs,Hisp,Black,White,2MoRac,Total,LEP
CA,Abc Unified,601620,2009,4.20%,9.10%,2.70%,2.70%,0.00%,0.00%,7.60%,11.50%,7.30%,0.00%,6.10%,6.00%
CA,Acalanes Union High,601650,2009,-3.00%,0.00%,0.70%,0.00%,0.70%,0.00%,3.30%,0.00%,3.00%,1.10%,2.90%,5.60%
CA,Adelanto Elementary,601710,2009,16.80%,0.00%,4.80%,0.00%,2.90%,12.50%,8.10%,28.10%,11.30%,16.00%,12.90%,7.00%
CA,Alameda City Unified,601770,2009,11.50%,33.30%,3.90%,0.00%,4.20%,2.50%,6.00%,17.60%,6.10%,0.00%,5.90%,5.10%
CA,Albany City Unified,601860,2009,9.00%,0.00%,2.20%,0.00%,2.40%,0.00%,2.20%,11.80%,2.80%,0.00%,3.60%,0.00%
CA,Alhambra Unified,600153,2009,-0.30%,0.00%,1.40%,0.00%,1.40%,0.00%,6.00%,3.60%,3.90%,2.20%,3.50%,3.40%
CA,Alisal Union Elementary,601950,2009,0.00%,0.00%,0.00%,0.00%,0.00%,0.00%,2.30%,0.00%,0.00%,0.00%,2.20%,1.30%
CA,Alpaugh Unified,602010,2009,-12.50%,0.00%,0.00%,0.00%,0.00%,0.00%,14.80%,0.00%,12.50%,0.00%,15.90%,15.40%
CA,Alpine Union Elementary,602100,2009,-2.30%,0.00%,0.00%,0.00%,0.00%,0.00%,3.20%,0.00%,2.30%,0.00%,2.20%,5.00%
CA,Alta Loma Elementary,602160,2009,3.10%,0.00%,2.00%,2.00%,0.00%,0.00%,2.50%,5.20%,2.10%,0.00%,2.60%,0.00%
CA,Alum Rock Union Elementary,602310,2009,6.10%,0.00%,1.80%,0.00%,1.40%,9.10%,4.90%,7.50%,1.50%,0.00%,4.40%,4.40%
CA,Alvord Unified,602430,2009,8.40%,16.70%,3.50%,0.00%,2.70%,11.10%,6.30%,13.70%,5.30%,5.20%,6.30%,6.10%
CA,Amador County Unified,602450,2009,22.60%,14.30%,11.10%,11.10%,0.00%,0.00%,6.10%,33.30%,10.70%,0.00%,10.00%,0.00%
CA,Anaheim City,602610,2009,0.20%,0.00%,1.50%,0.00%,0.80%,8.70%,2.90%,4.50%,4.30%,6.30%,2.90%,2.40%
CA,Anaheim Union High,602630,2009,7.10%,12.00%,3.30%,3.30%,0.00%,0.00%,12.00%,13.60%,6.50%,0.00%,9.70%,14.70%
CA,Anderson Valley Unified,602730,2009,-3.80%,100.00%,0.00%,0.00%,0.00%,0.00%,0.00%,0.00%,3.80%,0.00%,1.90%,0.00%
CA,Antioch Unified,602850,2009,14.00%,9.40%,4.10%,0.00%,1.50%,25.50%,7.30%,20.30%,6.20%,0.60%,9.40%,0.00%
CA,Apple Valley Unified,600017,2009,17.50%,7.70%,6.00%,6.00%,0.00%,0.00%,13.30%,27.40%,9.90%,0.00%,13.10%,13.50%
CA,Arcadia Unified,602970,2009,5.20%,0.00%,0.90%,0.90%,0.00%,0.00%,3.00%,6.90%,1.70%,0.00%,1.40%,0.80%
CA,Arvin Union Elementary,603270,2009,-5.90%,0.00%,0.00%,0.00%,0.00%,0.00%,6.30%,0.00%,5.90%,0.00%,6.20%,7.70%
CA,Atascadero Unified,603300,2009,-2.80%,0.00%,0.00%,0.00%,0.00%,0.00%,3.50%,0.00%,2.80%,0.00%,3.40%,4.50%
CA,Atwater Elementary,603420,2009,7.70%,0.00%,4.30%,4.30%,0.00%,0.00%,10.40%,19.00%,11.40%,0.00%,10.70%,9.50%
CA,Azusa Unified,603600,2009,4.60%,0.00%,1.90%,0.00%,0.00%,33.30%,5.50%,11.10%,6.50%,6.30%,5.60%,4.90%
CA,Bakersfield City Elementary,603630,2009,13.20%,13.30%,8.00%,0.00%,7.50%,12.50%,9.70%,24.30%,11.10%,6.40%,11.30%,8.30%
CA,Baldwin Park Unified,603690,2009,15.10%,0.00%,1.00%,0.00%,1.50%,0.00%,7.40%,20.00%,4.90%,0.00%,7.00%,6.30%
CA,Banning Unified,603840,2009,8.80%,11.50%,4.50%,4.50%,0.00%,0.00%,8.20%,21.30%,12.50%,0.00%,10.10%,6.30%
CA,Barstow Unified,604020,2009,3.30%,21.90%,6.40%,6.40%,0.00%,0.00%,16.90%,27.70%,24.40%,0.00%,20.80%,0.00%
CA,Bassett Unified,604110,2009,1.30%,0.00%,0.00%,0.00%,0.00%,0.00%,8.00%,16.70%,15.40%,0.00%,8.10%,7.90%
CA,Bayshore Elementary,604200,2009,25.00%,0.00%,4.50%,4.50%,0.00%,0.00%,6.70%,25.00%,0.00%,0.00%,8.30%,0.00%
CA,Bear Valley Unified,604230,2009,7.60%,0.00%,8.30%,8.30%,0.00%,0.00%,6.30%,16.70%,9.00%,0.00%,8.30%,0.00%
CA,Beaumont Unified,604290,2009,9.00%,10.50%,5.00%,0.00%,2.10%,50.00%,8.00%,16.20%,7.10%,0.00%,7.90%,4.50%
CA,Bella Vista Elementary,604350,2009,0.00%,0.00%,0.00%,0.00%,0.00%,0.00%,0.00%,0.00%,0.00%,0.00%,0.00%,0.00%
CA,Bellflower Unified,604440,2009,6.00%,0.00%,3.00%,0.00%,1.70%,12.90%,7.30%,10.60%,4.60%,5.20%,7.00%,7.60%
CA,Belridge Elementary,604560,2009,0.00%,0.00%,0.00%,0.00%,0.00%,0.00%,0.00%,0.00%,0.00%,0.00%,0.00%,0.00%
CA,Benicia Unified,604620,2009,3.70%,0.00%,1.90%,0.00%,2.60%,1.20%,3.50%,6.70%,3.00%,0.00%,3.40%,2.60%
CA,Berkeley Unified,604740,2009,16.90%,0.00%,2.60%,0.00%,2.90%,0.00%,7.10%,18.90%,2.10%,7.30%,8.00%,10.40%
CA,Berryessa Union Elementary,604800,2009,2.30%,0.00%,1.50%,0.00%,1.40%,7.10%,6.10%,7.10%,4.90%,0.00%,3.00%,0.00%
CA,Beverly Hills Unified,604830,2009,3.70%,0.00%,2.80%,0.00%,2.80%,0.00%,5.80%,7.40%,3.70%,0.00%,3.90%,7.00%
CA,Big Oak Flat-Groveland Unified,691137,2009,-16.40%,0.00%,0.00%,0.00%,0.00%,0.00%,12.50%,0.00%,16.40%,0.00%,13.40%,0.00%
CA,Biggs Unified,605040,2009,-12.70%,0.00%,0.00%,0.00%,0.00%,0.00%,12.80%,0.00%,12.70%,0.00%,13.30%,0.00%
CA,Bitterwater-Tully Union Elemen,605190,2009,0.00%,0.00%,0.00%,0.00%,0.00%,0.00%,0.00%,0.00%,0.00%,0.00%,0.00%,0.00%
CA,Black Oak Mine Unified,605240,2009,-9.80%,0.00%,0.00%,0.00%,0.00%,0.00%,0.00%,0.00%,9.80%,0.00%,8.90%,0.00%
CA,Bonita Unified,605610,2009,10.90%,0.00%,4.50%,0.00%,4.70%,0.00%,6.70%,16.40%,5.50%,12.60%,7.00%,4.00%
CA,Bonsall Union Elementary,605670,2009,-1.90%,5.30%,0.00%,0.00%,0.00%,0.00%,1.60%,0.00%,1.90%,0.00%,2.30%,2.70%
CA,Brawley Elementary,605790,2009,-18.60%,0.00%,0.00%,0.00%,0.00%,0.00%,6.40%,9.10%,27.70%,0.00%,7.80%,3.30%
CA,Brea-Olinda Unified,605880,2009,-3.60%,0.00%,0.80%,0.80%,0.00%,0.00%,5.20%,0.00%,3.60%,0.00%,3.60%,3.10%
CA,Brentwood Union Elementary,605910,2009,8.70%,10.00%,2.40%,0.00%,2.90%,2.10%,5.00%,12.00%,3.30%,3.30%,4.60%,3.50%
CA,Buckeye Union Elementary,606270,2009,5.10%,0.00%,1.30%,0.00%,1.30%,0.00%,2.70%,7.70%,2.60%,3.70%,2.80%,0.00%
CA,Buellton Union Elementary,606330,2009,0.00%,0.00%,0.00%,0.00%,0.00%,0.00%,1.80%,0.00%,0.00%,0.00%,2.90%,0.00%
CA,Buena Park Elementary,606360,2009,-1.00%,0.00%,1.80%,1.80%,0.00%,0.00%,5.90%,8.10%,9.10%,0.00%,5.40%,4.00%
CA,Burton Elementary,606570,2009,-9.90%,7.10%,11.80%,11.80%,0.00%,0.00%,19.80%,12.50%,22.40%,0.00%,19.70%,12.80%
CA,Byron Union Elementary,606750,2009,5.20%,0.00%,0.00%,0.00%,0.00%,0.00%,1.90%,6.50%,1.30%,0.00%,1.60%,0.00%
CA,Cabrillo Unified,606780,2009,-4.50%,0.00%,3.00%,3.00%,0.00%,0.00%,8.90%,0.00%,4.50%,0.00%,6.70%,1.40%
CA,Cajon Valley Union Elementary,606810,2009,6.70%,5.30%,3.30%,0.00%,0.00%,6.20%,4.10%,9.70%,3.10%,5.90%,4.10%,3.30%
CA,Calaveras Unified,606870,2009,2.40%,5.60%,6.70%,6.70%,0.00%,0.00%,9.10%,11.10%,8.70%,0.00%,9.20%,0.00%
CA,Calexico Unified,606900,2009,0.00%,0.00%,0.00%,0.00%,0.00%,0.00%,5.70%,0.00%,0.00%,0.00%,5.60%,6.60%
CA,California School For The Deaf,600003,2009,-4.00%,0.00%,11.10%,0.00%,12.50%,0.00%,16.70%,18.20%,22.20%,0.00%,20.00%,22.00%
CA,California School For The Deaf Riverside,600007,2009,-20.00%,0.00%,0.00%,0.00%,0.00%,0.00%,5.70%,10.00%,30.00%,0.00%,16.20%,16.20%
CA,Cambrian,607140,2009,1.60%,0.00%,1.60%,1.60%,0.00%,0.00%,4.50%,4.00%,2.40%,0.00%,2.60%,0.00%
CA,Campbell Union Elementary,607200,2009,4.00%,0.00%,2.00%,0.00%,1.90%,2.00%,5.20%,7.70%,3.70%,0.00%,4.10%,6.80%
CA,Campbell Union High,607230,2009,3.60%,0.00%,2.10%,0.00%,1.10%,20.00%,10.80%,9.60%,6.00%,3.60%,7.00%,16.80%
CA,Capistrano Unified,607440,2009,1.70%,0.00%,0.70%,0.00%,0.70%,0.00%,3.60%,3.10%,1.40%,1.40%,1.90%,2.50%
CA,Carlsbad Unified,607500,2009,4.20%,0.00%,1.80%,0.00%,1.90%,0.00%,5.30%,7.10%,3.00%,2.50%,3.60%,2.50%
CA,Carpinteria Unified,607560,2009,-6.40%,0.00%,0.00%,0.00%,0.00%,0.00%,9.50%,0.00%,6.40%,0.00%,8.80%,10.20%
CA,Cascade Union Elementary,607680,2009,2.40%,12.10%,0.00%,0.00%,0.00%,0.00%,8.70%,14.30%,11.90%,0.00%,11.90%,6.90%
CA,Castaic Union Elementary,607740,2009,4.30%,0.00%,1.70%,1.70%,0.00%,0.00%,3.80%,8.00%,3.70%,0.00%,3.80%,7.40%
CA,Castro Valley Unified,607800,2009,3.60%,0.00%,1.70%,0.00%,1.50%,10.00%,5.30%,8.20%,4.60%,3.90%,4.10%,2.50%
CA,Center Joint Unified,607900,2009,5.20%,16.70%,4.10%,4.10%,0.00%,0.00%,7.90%,13.80%,8.60%,0.00%,9.00%,25.00%
CA,Central Elementary,607950,2009,-0.50%,0.00%,0.00%,0.00%,0.00%,0.00%,2.00%,3.00%,3.50%,0.00%,2.50%,0.00%
CA,Central Unified,607970,2009,14.80%,12.50%,3.70%,0.00%,3.50%,14.30%,9.70%,23.70%,8.90%,0.00%,10.00%,5.50%
CA,Central Union High,608010,2009,6.00%,0.00%,0.00%,0.00%,0.00%,0.00%,7.40%,15.40%,9.40%,0.00%,7.90%,9.60%
CA,Centralia Elementary,608070,2009,1.30%,25.00%,0.40%,0.40%,0.00%,0.00%,1.20%,2.50%,1.30%,0.00%,1.20%,0.60%
CA,Ceres Unified,608130,2009,10.90%,19.20%,8.20%,0.00%,7.50%,12.50%,13.50%,25.00%,14.10%,4.40%,13.50%,9.50%
CA,Chaffey Joint Union High,608160,2009,7.70%,5.60%,4.70%,0.00%,3.90%,14.80%,12.70%,17.00%,9.30%,9.40%,11.90%,18.50%
CA,Charter Oak Unified,608190,2009,2.40%,11.10%,2.10%,2.10%,0.00%,0.00%,4.90%,6.30%,3.80%,0.00%,4.40%,4.40%
CA,Chico Unified,608370,2009,8.30%,9.10%,3.60%,3.60%,0.00%,0.00%,6.90%,14.40%,6.10%,0.00%,6.50%,4.00%
CA,Chino Valley Unified,608460,2009,3.30%,0.00%,2.00%,0.00%,1.80%,13.30%,6.90%,8.10%,4.80%,3.40%,5.70%,5.80%
CA,Chowchilla Union High School,608550,2009,28.80%,0.00%,0.00%,0.00%,0.00%,0.00%,10.60%,40.00%,11.30%,0.00%,10.80%,20.00%
CA,Chula Vista Elementary,608610,2009,0.20%,3.70%,0.10%,0.00%,0.10%,0.00%,0.30%,0.90%,0.70%,0.00%,0.40%,0.20%
CA,Citrus South Tule Elementary,608730,2009,0.00%,0.00%,0.00%,0.00%,0.00%,0.00%,0.00%,0.00%,0.00%,0.00%,0.00%,0.00%
CA,Claremont Unified,608760,2009,7.20%,0.00%,1.20%,0.00%,1.40%,0.00%,6.40%,9.90%,2.70%,5.20%,4.70%,5.50%
CA,Clear Creek Elementary,608880,2009,0.00%,0.00%,0.00%,0.00%,0.00%,0.00%,0.00%,0.00%,0.00%,0.00%,0.00%,0.00%
CA,Clovis Unified,609030,2009,3.90%,6.10%,0.70%,0.00%,0.90%,0.00%,4.20%,6.20%,2.40%,43.50%,3.10%,3.40%
CA,Coachella Valley Unified,609070,2009,3.80%,4.80%,0.00%,0.00%,0.00%,0.00%,8.20%,21.40%,17.60%,0.00%,8.40%,7.20%
CA,Coalinga-Huron Joint Unified,609120,2009,10.50%,50.00%,15.80%,0.00%,16.70%,0.00%,21.40%,25.00%,14.50%,0.00%,20.10%,23.80%
CA,Colton Joint Unified,609390,2009,6.20%,4.30%,2.30%,2.30%,0.00%,0.00%,5.50%,10.70%,4.60%,0.00%,5.70%,3.30%
CA,Columbia Elementary,609450,2009,-4.90%,0.00%,0.00%,0.00%,0.00%,0.00%,0.00%,0.00%,4.90%,0.00%,4.50%,0.00%
CA,Compton Unified School District,609620,2009,-1.80%,0.00%,11.10%,0.00%,0.00%,12.50%,9.00%,23.20%,25.00%,0.70%,11.60%,10.00%
CA,Conejo Valley Unified,609640,2009,6.50%,0.00%,1.40%,0.00%,1.10%,3.30%,8.20%,9.90%,3.30%,2.90%,4.20%,7.60%
CA,Corcoran Joint Unified,609690,2009,9.40%,0.00%,20.00%,20.00%,0.00%,0.00%,19.40%,26.90%,17.50%,0.00%,19.80%,15.30%
CA,Corning Union High,609810,2009,-16.80%,25.00%,0.00%,0.00%,0.00%,0.00%,16.30%,0.00%,16.80%,0.00%,16.10%,8.10%
CA,Coronado Unified,609870,2009,5.70%,0.00%,0.00%,0.00%,0.00%,0.00%,2.00%,7.10%,1.40%,0.00%,1.50%,0.00%
CA,Corona-Norco Unified School District,609850,2009,3.90%,6.30%,1.80%,1.80%,0.00%,0.00%,5.70%,7.40%,3.40%,0.00%,4.70%,6.00%
CA,Cotati-Rohnert Park Unified,609940,2009,12.80%,27.30%,6.50%,0.00%,5.90%,11.10%,9.50%,22.60%,9.80%,10.20%,10.10%,8.30%
CA,Covina-Valley Unified,610050,2009,9.00%,10.00%,1.90%,0.00%,1.60%,8.30%,8.60%,16.50%,7.50%,0.00%,8.30%,0.50%
CA,Cucamonga Elementary,616300,2009,9.80%,0.00%,6.90%,0.00%,4.20%,20.00%,7.70%,17.10%,7.40%,0.00%,7.60%,0.00%
CA,Culver City Unified,610260,2009,2.30%,8.30%,1.50%,0.00%,1.90%,0.00%,4.60%,7.30%,5.00%,0.00%,5.00%,4.50%
CA,Cupertino Union School,610290,2009,2.30%,0.00%,1.10%,0.00%,1.10%,0.00%,5.60%,4.90%,2.60%,0.00%,1.70%,2.70%
CA,Cutler-Orosi Joint Unified,610350,2009,-12.50%,0.00%,7.90%,0.00%,8.10%,0.00%,10.70%,0.00%,12.50%,0.00%,10.70%,11.40%
CA,Cypress Elementary,610440,2009,2.00%,0.00%,0.40%,0.00%,0.40%,0.00%,1.40%,3.30%,1.30%,0.00%,1.00%,0.00%
CA,Davis Joint Unified,610620,2009,9.30%,0.00%,1.50%,0.00%,1.50%,0.00%,5.60%,12.20%,2.90%,0.00%,3.20%,2.20%
CA,Del Mar Union Elementary,610740,2009,-0.40%,0.00%,0.40%,0.00%,0.40%,0.00%,0.00%,0.00%,0.40%,0.00%,0.40%,1.40%
CA,Del Norte County Unified,610770,2009,-13.50%,17.50%,6.90%,6.90%,0.00%,0.00%,8.70%,0.00%,13.50%,0.00%,13.40%,5.10%
CA,Delano Joint Union High,610860,2009,0.00%,0.00%,0.00%,0.00%,0.00%,0.00%,1.90%,0.00%,0.00%,0.00%,1.80%,1.60%
CA,Delano Union Elementary,610890,2009,3.10%,0.00%,2.70%,0.00%,2.70%,0.00%,6.70%,11.10%,8.00%,0.00%,6.30%,7.20%
CA,Denair Unified School District,611040,2009,-5.50%,0.00%,0.00%,0.00%,0.00%,0.00%,6.30%,0.00%,5.50%,0.00%,5.60%,3.10%
CA,Desert Sands Unified,611110,2009,8.50%,7.10%,3.00%,3.00%,0.00%,0.00%,9.90%,15.10%,6.60%,0.00%,9.00%,2.60%
CA,Dinuba Unified,600065,2009,9.30%,0.00%,0.00%,0.00%,0.00%,0.00%,8.80%,16.70%,7.40%,0.00%,8.60%,8.00%
CA,Dixon Unified,611280,2009,-2.70%,0.00%,0.00%,0.00%,0.00%,0.00%,4.30%,4.00%,6.70%,0.00%,5.40%,0.00%
CA,Dos Palos Oro Loma Jt. Unified,600033,2009,3.00%,0.00%,0.00%,0.00%,0.00%,0.00%,14.60%,23.50%,20.50%,0.00%,16.60%,15.10%
CA,Downey Unified,611460,2009,8.60%,0.00%,1.10%,1.10%,0.00%,0.00%,5.90%,14.60%,5.90%,0.00%,6.00%,6.30%
CA,Dry Creek Joint Elementary,611490,2009,5.50%,0.00%,2.70%,0.00%,1.70%,20.00%,5.80%,10.00%,4.50%,0.00%,4.90%,6.50%
CA,Duarte Unified,611520,2009,10.60%,0.00%,0.00%,0.00%,0.00%,0.00%,6.80%,15.70%,5.10%,0.00%,6.80%,5.20%
CA,Dublin Unified,600019,2009,4.00%,0.00%,1.20%,1.20%,0.00%,0.00%,5.10%,8.00%,4.00%,0.00%,3.70%,2.00%
CA,Dunsmuir Joint Union High,611700,2009,-29.40%,0.00%,0.00%,0.00%,0.00%,0.00%,0.00%,0.00%,29.40%,0.00%,25.00%,0.00%
CA,East Side Union High,611820,2009,9.10%,20.00%,2.90%,2.90%,0.00%,0.00%,15.40%,18.20%,9.10%,0.00%,9.80%,15.20%
CA,East Whittier City Elementary,611850,2009,3.80%,14.30%,4.30%,0.00%,2.80%,9.10%,4.40%,7.70%,3.90%,0.00%,4.60%,4.00%
CA,Eastside Union Elementary,611910,2009,11.40%,0.00%,0.00%,0.00%,0.00%,0.00%,5.60%,21.80%,10.50%,0.00%,10.70%,0.00%
CA,Edison Elementary,611940,2009,17.60%,0.00%,0.00%,0.00%,0.00%,0.00%,4.50%,20.00%,2.40%,0.00%,3.20%,2.40%
CA,El Centro Elementary,612030,2009,3.00%,0.00%,0.00%,0.00%,0.00%,0.00%,4.10%,4.80%,1.80%,0.00%,3.30%,6.40%
CA,El Dorado Union High School District,612070,2009,15.90%,25.00%,2.90%,2.90%,0.00%,0.00%,19.30%,27.80%,11.90%,0.00%,12.90%,33.30%
CA,El Monte City Elementary,612090,2009,9.50%,0.00%,0.60%,0.00%,0.60%,0.00%,3.50%,11.10%,1.60%,0.00%,3.00%,2.40%
CA,El Monte Union High,612120,2009,9.20%,0.00%,2.20%,0.00%,2.30%,0.00%,5.50%,11.10%,1.90%,0.00%,4.90%,5.30%
CA,El Rancho Unified,612180,2009,-12.50%,0.00%,0.00%,0.00%,0.00%,0.00%,8.00%,0.00%,12.50%,0.00%,8.20%,7.70%
CA,El Segundo Unified,612210,2009,3.80%,0.00%,1.30%,1.30%,0.00%,0.00%,3.30%,6.30%,2.50%,0.00%,3.10%,0.00%
CA,Elk Grove Unified,612330,2009,13.40%,13.30%,3.70%,0.00%,3.40%,7.60%,9.70%,19.80%,6.40%,8.00%,9.20%,6.30%
CA,Empire Union Elementary,612690,2009,8.90%,20.00%,2.40%,0.00%,0.00%,9.10%,5.20%,16.70%,7.80%,0.00%,6.70%,0.00%
CA,Encinitas Union Elementary,612750,2009,-0.80%,0.00%,0.00%,0.00%,0.00%,0.00%,0.50%,0.00%,0.80%,0.00%,0.80%,0.80%
CA,Enterprise Elementary,612810,2009,6.20%,14.30%,1.80%,0.00%,2.10%,0.00%,4.50%,14.80%,8.60%,0.00%,7.60%,1.90%
CA,Escalon Unified,612840,2009,-8.30%,0.00%,0.00%,0.00%,0.00%,0.00%,9.20%,0.00%,8.30%,0.00%,8.90%,2.80%
CA,Escondido Union Elementary,612880,2009,5.00%,5.30%,2.00%,0.00%,1.10%,8.30%,6.60%,8.20%,3.20%,8.70%,5.70%,6.10%
CA,Escondido Union High,612910,2009,24.50%,18.20%,5.40%,5.40%,0.00%,0.00%,18.70%,32.60%,8.20%,0.00%,15.30%,29.50%
CA,Etiwanda Elementary,612960,2009,2.60%,20.00%,0.60%,0.00%,0.30%,10.00%,1.90%,4.30%,1.70%,0.00%,2.00%,1.80%
CA,Eureka City Unified,600052,2009,5.30%,14.30%,1.10%,1.10%,0.00%,0.00%,8.90%,13.30%,8.00%,0.00%,8.20%,0.00%
CA,Eureka Union,613080,2009,-0.90%,0.00%,1.50%,0.00%,1.50%,0.00%,0.00%,0.00%,0.90%,0.00%,1.10%,0.00%
CA,Evergreen Elementary,613140,2009,6.50%,0.00%,0.90%,0.90%,0.00%,0.00%,4.80%,7.40%,0.90%,0.00%,2.30%,3.90%
CA,Fairfax Elementary,613290,2009,-4.80%,0.00%,11.10%,11.10%,0.00%,0.00%,13.10%,16.70%,21.40%,0.00%,13.90%,10.00%
CA,Fairfield-Suisun Unified,613360,2009,25.60%,23.10%,8.40%,8.40%,0.00%,0.00%,18.00%,42.60%,17.00%,0.00%,21.90%,16.00%
CA,Fallbrook Union Elementary,613500,2009,3.10%,0.00%,0.00%,0.00%,0.00%,0.00%,3.50%,5.60%,2.40%,0.00%,3.20%,2.60%
CA,Fallbrook Union High,613530,2009,2.00%,14.30%,0.00%,0.00%,0.00%,0.00%,12.30%,11.10%,9.10%,0.00%,10.60%,12.70%
CA,Fillmore Unified,613800,2009,-9.90%,25.00%,0.00%,0.00%,0.00%,0.00%,16.10%,0.00%,9.90%,0.00%,15.50%,20.00%
CA,Folsom-Cordova Unified,613890,2009,16.10%,12.50%,2.40%,2.40%,0.00%,0.00%,8.50%,21.00%,4.90%,0.00%,6.50%,7.00%
CA,Fontana Unified,613920,2009,6.70%,16.00%,2.90%,2.90%,0.00%,0.00%,6.40%,15.00%,8.30%,0.00%,7.10%,6.80%
CA,Forestville Union Elementary,614010,2009,-8.10%,0.00%,0.00%,0.00%,0.00%,0.00%,5.00%,0.00%,8.10%,0.00%,5.80%,0.00%
CA,Fountain Valley Elementary,614220,2009,-1.90%,0.00%,0.90%,0.00%,1.00%,0.00%,1.70%,0.00%,1.90%,0.00%,1.50%,0.70%
CA,Franklin-Mckinley Elementary,614370,2009,5.40%,0.00%,1.70%,1.70%,0.00%,0.00%,5.80%,8.60%,3.10%,0.00%,4.40%,3.80%
CA,Fremont Unified,614400,2009,12.70%,6.10%,1.50%,0.00%,1.60%,1.30%,10.10%,18.50%,5.80%,0.00%,4.50%,4.10%
CA,Fremont Union High,614430,2009,4.10%,11.10%,2.20%,2.20%,0.00%,0.00%,12.40%,8.30%,4.20%,0.00%,4.30%,7.20%
CA,Freshwater Elementary,614520,2009,-3.40%,25.00%,0.00%,0.00%,0.00%,0.00%,0.00%,0.00%,3.40%,0.00%,4.50%,0.00%
CA,Fresno Unified,614550,2009,14.00%,18.40%,4.50%,4.50%,0.00%,0.00%,10.10%,23.00%,9.00%,0.00%,10.60%,7.80%
CA,Fruitvale Elementary,614700,2009,8.70%,16.70%,0.00%,0.00%,0.00%,0.00%,4.60%,14.30%,5.60%,0.00%,5.30%,0.00%
CA,Fullerton Joint Union High,614760,2009,6.80%,0.00%,3.80%,0.00%,3.40%,30.00%,6.70%,11.90%,5.10%,38.10%,6.30%,8.30%
CA,Fullerton School District,614730,2009,4.20%,0.00%,1.00%,0.00%,1.00%,0.00%,5.30%,6.80%,2.60%,2.50%,3.70%,4.10%
CA,Galt Joint Union Elementary,614790,2009,12.50%,0.00%,3.00%,3.00%,0.00%,0.00%,6.10%,18.20%,5.70%,0.00%,6.70%,3.80%
CA,Garden Grove Unified,614880,2009,0.40%,0.00%,0.40%,0.00%,0.40%,1.20%,1.20%,1.20%,0.80%,0.00%,0.90%,1.00%
CA,Garvey Elementary,614940,2009,0.00%,0.00%,0.70%,0.70%,0.00%,0.00%,4.00%,0.00%,0.00%,0.00%,2.10%,2.10%
CA,Gateway Unified,614950,2009,9.80%,10.00%,6.70%,0.00%,7.70%,0.00%,5.50%,18.20%,8.40%,0.00%,8.20%,0.00%
CA,Gerber Union Elementary,615090,2009,-13.50%,0.00%,0.00%,0.00%,0.00%,0.00%,4.50%,0.00%,13.50%,0.00%,8.40%,0.00%
CA,Gilroy Unified,615180,2009,1.10%,0.00%,3.00%,0.00%,2.10%,16.70%,10.90%,6.90%,5.80%,7.20%,9.70%,10.30%
CA,Glendale Unified,615240,2009,8.50%,0.00%,2.50%,2.50%,0.00%,0.00%,9.60%,13.90%,5.40%,0.00%,5.90%,0.00%
CA,Glendora Unified,615270,2009,-1.70%,0.00%,0.00%,0.00%,0.00%,0.00%,2.50%,0.00%,1.70%,0.00%,2.00%,1.60%
CA,Goleta Union Elementary,615510,2009,-0.30%,0.00%,0.00%,0.00%,0.00%,0.00%,0.80%,0.00%,0.30%,0.00%,0.70%,0.50%
CA,Gravenstein Union Elementary,615840,2009,-1.90%,0.00%,0.00%,0.00%,0.00%,0.00%,0.00%,0.00%,1.90%,0.00%,1.60%,0.00%
CA,Green Point Elementary,615990,2009,0.00%,0.00%,0.00%,0.00%,0.00%,0.00%,0.00%,0.00%,0.00%,0.00%,0.00%,0.00%
CA,Greenfield Union School District,616050,2009,13.20%,0.00%,3.90%,0.00%,4.20%,0.00%,12.40%,28.00%,14.80%,18.20%,13.80%,10.80%
CA,Grossmont Union High School District,616230,2009,12.60%,10.90%,5.20%,5.20%,0.00%,0.00%,10.00%,21.90%,9.30%,0.00%,10.30%,12.30%
CA,Hacienda La Puente Unified,616325,2009,6.00%,0.00%,1.20%,1.20%,0.00%,0.00%,5.20%,11.50%,5.60%,0.00%,4.80%,4.40%
CA,Hanford Elementary,616470,2009,9.80%,16.70%,3.20%,0.00%,3.30%,0.00%,9.90%,18.80%,9.10%,0.00%,11.10%,8.60%
CA,Hanford Joint Union High School District,616500,2009,14.50%,33.30%,8.10%,0.00%,8.10%,0.00%,18.10%,26.50%,12.00%,0.00%,16.30%,45.80%
CA,Happy Valley Elementary,616560,2009,0.00%,0.00%,0.00%,0.00%,0.00%,0.00%,0.00%,0.00%,0.00%,0.00%,0.00%,0.00%
CA,Hawthorne,616680,2009,4.00%,0.00%,3.50%,3.50%,0.00%,0.00%,3.30%,9.50%,5.50%,0.00%,4.90%,3.50%
CA,Hayward Unified,616740,2009,0.20%,0.00%,0.10%,0.00%,0.00%,0.20%,0.10%,0.50%,0.30%,0.00%,0.20%,0.10%
CA,Healdsburg Unified,600044,2009,-6.50%,0.00%,33.30%,33.30%,0.00%,0.00%,7.30%,0.00%,6.50%,0.00%,6.80%,6.80%
CA,Heber Elementary,616830,2009,0.00%,0.00%,0.00%,0.00%,0.00%,0.00%,4.00%,0.00%,0.00%,0.00%,4.00%,4.00%
CA,Hemet Unified,616920,2009,10.60%,11.10%,3.60%,0.00%,3.60%,3.40%,9.10%,20.10%,9.50%,0.00%,10.00%,5.50%
CA,Hermosa Beach City Elementary,617040,2009,-0.50%,0.00%,0.00%,0.00%,0.00%,0.00%,0.00%,0.00%,0.50%,0.00%,1.20%,0.00%
CA,Hesperia Unified,600014,2009,5.50%,18.20%,2.00%,2.00%,0.00%,0.00%,4.30%,9.70%,4.20%,0.00%,4.80%,0.00%
CA,Hollister School District,617340,2009,-5.30%,0.00%,0.00%,0.00%,0.00%,0.00%,7.50%,0.00%,5.30%,0.00%,6.80%,3.50%
CA,Hueneme Elementary,617850,2009,0.00%,0.00%,1.90%,1.90%,0.00%,0.00%,6.70%,4.80%,4.80%,0.00%,6.10%,5.60%
CA,Hughes-Elizabeth Lakes Union Elementary,617880,2009,-2.00%,0.00%,0.00%,0.00%,0.00%,0.00%,0.00%,0.00%,2.00%,0.00%,1.60%,0.00%
CA,Hughson Unified,600060,2009,-5.90%,0.00%,14.30%,0.00%,0.00%,100.00%,10.10%,0.00%,5.90%,0.00%,8.50%,8.20%
CA,Huntington Beach City Elementary,618030,2009,-0.40%,0.00%,0.00%,0.00%,0.00%,0.00%,0.00%,0.00%,0.40%,0.00%,0.30%,0.00%
CA,Huntington Beach Union High,618060,2009,7.40%,10.40%,3.80%,0.00%,3.50%,12.00%,12.90%,14.30%,6.80%,17.60%,7.90%,12.40%
CA,Imperial Unified,618210,2009,0.70%,0.00%,0.00%,0.00%,0.00%,0.00%,6.70%,6.30%,5.50%,0.00%,6.60%,5.60%
CA,Inglewood Unified,618390,2009,5.50%,0.00%,3.00%,0.00%,0.00%,9.10%,6.30%,13.20%,7.70%,0.00%,8.90%,6.60%
CA,Irvine Unified,684500,2009,5.80%,7.40%,1.70%,0.00%,1.60%,2.80%,5.50%,9.00%,3.20%,3.10%,2.90%,3.10%
CA,Jamul-Dulzura Union School District,618730,2009,-4.10%,0.00%,0.00%,0.00%,0.00%,0.00%,4.30%,0.00%,4.10%,0.00%,4.30%,4.40%
CA,Jefferson Elementary,618870,2009,11.10%,0.00%,3.80%,3.80%,0.00%,0.00%,6.70%,18.60%,7.50%,0.00%,5.70%,4.30%
CA,Jefferson Union High,618930,2009,39.70%,20.00%,12.60%,12.60%,0.00%,0.00%,27.80%,60.50%,20.80%,0.00%,20.60%,17.60%
CA,John Swett Unified,618990,2009,16.70%,0.00%,10.00%,0.00%,8.60%,50.00%,16.30%,42.00%,25.30%,10.30%,22.90%,16.40%
CA,Jurupa Unified,619260,2009,6.60%,11.10%,4.60%,4.60%,0.00%,0.00%,8.70%,18.50%,11.90%,0.00%,9.40%,9.90%
CA,Kentfield Elementary,619380,2009,-1.20%,0.00%,0.00%,0.00%,0.00%,0.00%,5.90%,0.00%,1.20%,0.00%,1.90%,0.00%
CA,Kerman Unified,619490,2009,-4.40%,0.00%,3.70%,0.00%,3.80%,0.00%,7.10%,0.00%,4.40%,0.00%,6.60%,5.20%
CA,Kern Union High,619540,2009,20.10%,21.00%,6.70%,6.70%,0.00%,0.00%,22.30%,38.70%,18.60%,0.00%,21.90%,18.50%
CA,Kings Canyon Joint Unified,619700,2009,-12.20%,0.00%,0.00%,0.00%,0.00%,0.00%,10.40%,0.00%,12.20%,0.00%,10.40%,4.60%
CA,Kingsburg Elementary Charter,619800,2009,-5.50%,0.00%,0.00%,0.00%,0.00%,0.00%,3.00%,0.00%,5.50%,35.00%,5.80%,9.20%
CA,Konocti Unified,620070,2009,6.30%,26.50%,14.30%,14.30%,0.00%,0.00%,14.00%,35.10%,28.90%,0.00%,25.20%,9.10%
CA,La Canada Unified,620130,2009,-1.90%,0.00%,2.80%,2.80%,0.00%,0.00%,3.00%,0.00%,1.90%,0.00%,2.50%,0.00%
CA,La Grange Elementary,620160,2009,0.00%,0.00%,0.00%,0.00%,0.00%,0.00%,0.00%,0.00%,0.00%,0.00%,0.00%,0.00%
CA,La Habra City Elementary,620190,2009,-3.90%,0.00%,0.00%,0.00%,0.00%,0.00%,3.50%,0.00%,3.90%,0.00%,3.40%,3.60%
CA,La Mesa-Spring Valley,620250,2009,10.60%,8.30%,3.90%,0.00%,1.50%,18.20%,5.20%,18.60%,7.90%,7.00%,7.70%,1.50%
CA,Lafayette Elementary,620310,2009,-1.60%,0.00%,0.00%,0.00%,0.00%,0.00%,0.00%,0.00%,1.60%,0.00%,1.40%,0.00%
CA,Laguna Beach Unified,620370,2009,-3.20%,0.00%,0.00%,0.00%,0.00%,0.00%,2.30%,0.00%,3.20%,0.00%,3.10%,0.00%
CA,Lake Elsinore Unified,600027,2009,1.40%,15.20%,4.40%,4.40%,0.00%,0.00%,11.80%,12.30%,10.90%,0.00%,11.30%,9.50%
CA,Lake Tahoe Unified,620640,2009,-5.90%,14.30%,2.00%,2.00%,0.00%,0.00%,7.40%,0.00%,5.90%,0.00%,6.30%,5.10%
CA,Lakeside Union Elementary,620790,2009,1.20%,7.90%,3.10%,3.10%,0.00%,0.00%,4.30%,6.90%,5.70%,0.00%,5.50%,2.50%
CA,Lakeside Union School,620730,2009,6.30%,0.00%,0.00%,0.00%,0.00%,0.00%,5.00%,9.50%,3.20%,0.00%,4.60%,0.00%
CA,Lancaster Elementary,620880,2009,14.30%,12.50%,10.50%,10.50%,0.00%,0.00%,9.00%,24.50%,10.30%,0.00%,14.10%,4.10%
CA,Las Virgenes Unified,621000,2009,0.10%,0.00%,1.10%,0.00%,1.10%,0.00%,4.40%,2.40%,2.20%,1.10%,2.30%,0.00%
CA,Laton Joint Unified,621150,2009,-8.70%,0.00%,0.00%,0.00%,0.00%,0.00%,12.30%,0.00%,8.70%,0.00%,11.60%,8.50%
CA,Lawndale Elementary,621210,2009,5.90%,0.00%,1.70%,0.00%,1.30%,2.70%,3.80%,9.20%,3.20%,0.00%,4.00%,0.00%
CA,Laytonville Unified,642580,2009,-6.60%,0.00%,0.00%,0.00%,0.00%,0.00%,0.00%,0.00%,6.60%,0.00%,5.70%,0.00%
CA,Lemon Grove,621330,2009,3.00%,0.00%,1.40%,0.00%,0.00%,2.60%,3.40%,6.60%,3.50%,0.00%,4.20%,3.50%
CA,Lemoore Union Elementary,621360,2009,10.70%,0.00%,2.30%,0.00%,2.50%,0.00%,9.30%,21.30%,10.60%,11.50%,9.70%,8.10%
CA,Lennox Elementary,621420,2009,13.30%,0.00%,0.00%,0.00%,0.00%,0.00%,6.10%,13.30%,0.00%,0.00%,6.20%,1.80%
CA,Liberty Union High,621600,2009,24.80%,7.70%,9.90%,9.90%,0.00%,0.00%,15.50%,36.70%,11.90%,0.00%,15.30%,18.30%
CA,Lincoln Elementary,621660,2009,0.00%,0.00%,0.00%,0.00%,0.00%,0.00%,0.00%,0.00%,0.00%,0.00%,0.00%,0.00%
CA,Lincoln Unified,621690,2009,13.60%,16.70%,6.50%,6.50%,0.00%,0.00%,11.00%,24.40%,10.80%,0.00%,12.10%,8.90%
CA,Lindsay Unified,621870,2009,-3.20%,0.00%,10.50%,0.00%,11.10%,0.00%,14.50%,0.00%,3.20%,0.00%,13.50%,12.70%
CA,Little Lake City Elementary,621930,2009,2.30%,0.00%,0.00%,0.00%,0.00%,0.00%,2.80%,4.00%,1.70%,0.00%,2.70%,2.10%
CA,Live Oak Elementary,621990,2009,-0.20%,16.70%,0.00%,0.00%,0.00%,0.00%,5.20%,8.30%,8.50%,0.00%,6.20%,2.30%
CA,Livermore Valley Joint Unified,622110,2009,26.80%,7.10%,3.00%,0.00%,2.70%,6.70%,12.10%,32.90%,6.10%,0.00%,8.00%,10.50%
CA,Lodi Unified,622230,2009,19.10%,33.30%,7.80%,0.00%,7.30%,21.70%,12.00%,29.40%,10.20%,25.00%,12.20%,9.70%
CA,Loleta Union Elementary,622320,2009,-25.00%,50.00%,0.00%,0.00%,0.00%,0.00%,0.00%,0.00%,25.00%,0.00%,18.20%,0.00%
CA,Lompoc Unified,622410,2009,4.40%,9.10%,2.90%,0.00%,3.20%,0.00%,8.30%,10.50%,6.20%,6.80%,7.80%,10.00%
CA,Lone Pine Unified,622440,2009,-14.30%,7.70%,0.00%,0.00%,0.00%,0.00%,8.10%,0.00%,14.30%,0.00%,8.60%,5.00%
CA,Long Beach Unified,622500,2009,7.60%,2.50%,2.50%,0.00%,2.00%,5.60%,4.20%,9.90%,2.30%,0.50%,4.60%,4.60%
CA,Los Alamitos Unified,622590,2009,4.10%,0.00%,0.80%,0.00%,0.80%,0.00%,1.90%,6.30%,2.20%,1.40%,2.30%,2.20%
CA,Los Altos Elementary,622650,2009,-0.40%,0.00%,0.40%,0.00%,0.50%,0.00%,0.00%,0.00%,0.40%,0.00%,0.70%,0.00%
CA,Los Angeles Unified,622710,2009,14.40%,6.30%,2.00%,2.00%,0.00%,0.00%,5.20%,17.40%,2.90%,0.00%,5.90%,5.50%
CA,Los Banos Unified,622740,2009,1.50%,0.00%,2.90%,2.90%,0.00%,0.00%,6.00%,8.20%,6.70%,0.00%,6.10%,3.40%
CA,Los Gatos-Saratoga Joint Union High,622800,2009,-2.70%,0.00%,0.60%,0.00%,0.60%,0.00%,2.60%,0.00%,2.70%,2.00%,2.20%,0.00%
CA,Los Olivos Elementary,622920,2009,0.00%,0.00%,0.00%,0.00%,0.00%,0.00%,0.00%,0.00%,0.00%,0.00%,0.00%,0.00%
CA,Lowell Joint,623010,2009,-2.80%,0.00%,0.00%,0.00%,0.00%,0.00%,4.90%,0.00%,2.80%,0.00%,4.20%,0.00%
CA,Lucerne Valley Unified,600015,2009,6.30%,25.00%,40.00%,0.00%,25.00%,100.00%,13.50%,25.00%,18.70%,0.00%,16.60%,8.30%
CA,Lucia Mar Unified,623080,2009,-2.50%,10.00%,1.70%,0.00%,1.90%,0.00%,9.20%,4.80%,7.20%,7.80%,8.00%,9.00%
CA,Madera Unified,623340,2009,7.10%,16.20%,3.30%,0.00%,3.40%,0.00%,8.60%,15.40%,8.30%,13.00%,8.90%,8.30%
CA,Magnolia Elementary,623430,2009,-0.50%,20.00%,0.00%,0.00%,0.00%,0.00%,0.50%,2.80%,3.30%,0.00%,0.80%,0.50%
CA,Manhattan Beach Unified,600025,2009,-0.60%,0.00%,0.80%,0.00%,0.80%,0.00%,0.70%,0.00%,0.60%,0.00%,0.60%,0.00%
CA,Manteca Unified,623610,2009,26.50%,42.40%,27.60%,0.00%,27.50%,28.80%,29.70%,59.60%,33.00%,7.40%,33.30%,14.20%
CA,Marcum-Illinois Union Elementary,623800,2009,0.00%,0.00%,0.00%,0.00%,0.00%,0.00%,0.00%,0.00%,0.00%,0.00%,0.00%,0.00%
CA,Mark Twain Union Elementary,623970,2009,-4.30%,0.00%,0.00%,0.00%,0.00%,0.00%,6.90%,0.00%,4.30%,0.00%,4.70%,0.00%
CA,Martinez Unified,624030,2009,6.20%,0.00%,2.10%,0.00%,2.30%,0.00%,7.20%,12.50%,6.30%,5.50%,6.40%,3.00%
CA,Marysville Joint Unified,624090,2009,8.70%,18.60%,5.50%,0.00%,5.00%,11.80%,13.40%,25.60%,16.80%,9.10%,15.00%,9.30%
CA,Mattole Unified,600038,2009,0.00%,0.00%,0.00%,0.00%,0.00%,0.00%,0.00%,0.00%,0.00%,0.00%,0.00%,0.00%
CA,Mcfarland Unified,624230,2009,-9.10%,0.00%,0.00%,0.00%,0.00%,0.00%,5.50%,0.00%,9.10%,0.00%,6.00%,1.50%
CA,Meadows Union Elementary,624390,2009,0.00%,0.00%,0.00%,0.00%,0.00%,0.00%,3.30%,0.00%,0.00%,0.00%,3.00%,1.90%
CA,Mendota Unified,600022,2009,0.00%,0.00%,0.00%,0.00%,0.00%,0.00%,8.60%,0.00%,0.00%,0.00%,8.50%,8.60%
CA,Menifee Union Elementary,624540,2009,4.10%,0.00%,1.40%,1.40%,0.00%,0.00%,4.40%,9.00%,4.90%,0.00%,4.80%,2.40%
CA,Merced City Elementary,624600,2009,12.60%,0.00%,2.10%,0.00%,2.10%,0.00%,8.40%,21.90%,9.30%,0.00%,8.70%,5.90%
CA,Merced Union High,624660,2009,13.10%,23.10%,5.00%,0.00%,5.00%,0.00%,19.30%,28.90%,15.80%,21.90%,17.20%,23.10%
CA,Middletown Unified,624750,2009,-9.80%,0.00%,0.00%,0.00%,0.00%,0.00%,8.70%,0.00%,9.80%,0.00%,9.20%,8.00%
CA,Millville Elementary,624930,2009,-2.10%,0.00%,0.00%,0.00%,0.00%,0.00%,0.00%,0.00%,2.10%,0.00%,1.90%,0.00%
CA,Milpitas Unified,624500,2009,2.00%,0.00%,1.20%,0.00%,1.30%,0.00%,3.70%,4.30%,2.30%,0.00%,1.90%,1.50%
CA,Modesto City Elementary,625130,2009,10.80%,9.50%,7.60%,0.00%,8.30%,5.30%,10.90%,21.10%,10.30%,10.70%,10.90%,10.10%
CA,Modesto City High,625150,2009,9.50%,10.00%,6.40%,0.00%,6.40%,6.60%,12.30%,17.90%,8.30%,13.60%,10.70%,15.70%
CA,Monrovia Unified,625320,2009,5.20%,0.00%,1.30%,0.00%,1.40%,0.00%,8.30%,10.80%,5.60%,0.00%,7.40%,4.40%
CA,Monterey Peninsula Unified,625530,2009,10.70%,0.00%,4.90%,0.00%,3.00%,12.30%,9.90%,16.40%,5.70%,0.00%,8.90%,9.20%
CA,Moorpark Unified,625690,2009,5.40%,0.00%,0.90%,0.00%,0.90%,0.00%,6.60%,8.00%,2.60%,0.00%,4.20%,7.70%
CA,Moreland Elementary,625770,2009,8.80%,0.00%,1.50%,0.00%,1.50%,0.00%,8.00%,13.00%,4.30%,0.00%,5.10%,0.00%
CA,Moreno Valley Unified,625800,2009,12.70%,10.30%,6.20%,0.00%,5.40%,7.00%,10.20%,22.90%,10.20%,0.00%,12.50%,9.60%
CA,Morgan Hill Unified,625830,2009,4.60%,0.00%,2.60%,2.60%,0.00%,0.00%,8.00%,9.30%,4.70%,0.00%,6.30%,5.70%
CA,Morongo Unified,625860,2009,9.70%,31.30%,19.40%,0.00%,5.10%,43.50%,16.70%,25.70%,16.00%,20.20%,17.50%,10.50%
CA,Mountain Empire Unified,626100,2009,2.00%,25.00%,0.00%,0.00%,0.00%,0.00%,9.70%,14.30%,12.20%,0.00%,12.50%,0.00%
CA,Mountain View Elementary,626190,2009,-11.10%,0.00%,1.70%,1.70%,0.00%,0.00%,3.70%,0.00%,11.10%,0.00%,3.70%,3.60%
CA,Mountain View Elementary,626220,2009,1.30%,0.00%,0.00%,0.00%,0.00%,0.00%,4.90%,7.70%,6.40%,0.00%,4.90%,3.90%
CA,Mountain View Whisman,626280,2009,13.00%,0.00%,2.20%,2.20%,0.00%,0.00%,5.80%,16.70%,3.60%,0.00%,4.90%,4.90%
CA,Mountain View-Los Altos Union High,626310,2009,3.00%,0.00%,0.60%,0.60%,0.00%,0.00%,6.50%,4.50%,1.60%,0.00%,2.50%,10.50%
CA,Mt. Diablo Unified,626370,2009,14.90%,12.20%,3.40%,0.00%,2.80%,10.80%,9.70%,21.00%,6.20%,0.00%,8.10%,8.40%
CA,Mupu Elementary,626460,2009,0.00%,0.00%,0.00%,0.00%,0.00%,0.00%,0.00%,0.00%,0.00%,0.00%,0.00%,0.00%
CA,Murrieta Valley Unified,600029,2009,10.10%,9.50%,4.00%,0.00%,3.60%,10.00%,5.20%,15.30%,5.10%,0.00%,5.40%,3.90%
CA,Napa Valley Unified,626640,2009,5.90%,13.30%,1.40%,0.00%,1.10%,8.30%,6.80%,11.80%,6.00%,3.80%,6.40%,5.60%
CA,National Elementary,626670,2009,3.20%,0.00%,0.70%,0.70%,0.00%,0.00%,1.30%,3.20%,0.00%,0.00%,1.30%,1.20%
CA,Natomas Unified,600036,2009,13.20%,15.80%,3.90%,0.00%,3.10%,7.40%,8.80%,18.10%,5.00%,9.00%,9.60%,8.30%
CA,Nevada City Elementary,626820,2009,-5.00%,0.00%,0.00%,0.00%,0.00%,0.00%,0.00%,0.00%,5.00%,0.00%,5.00%,0.00%
CA,Nevada Joint Union High,626880,2009,-6.00%,5.30%,0.00%,0.00%,0.00%,0.00%,0.00%,0.00%,6.00%,0.00%,5.70%,0.00%
CA,New Haven Unified,626910,2009,6.30%,0.00%,2.30%,0.00%,1.70%,2.90%,5.40%,11.40%,5.10%,0.00%,4.50%,3.00%
CA,Newark Unified,627060,2009,18.90%,0.00%,4.00%,4.00%,0.00%,0.00%,9.80%,25.00%,6.10%,0.00%,8.80%,6.50%
CA,Newhall Elementary,627180,2009,2.30%,0.00%,0.70%,0.00%,0.70%,0.00%,2.50%,3.10%,0.90%,0.00%,1.30%,2.00%
CA,Newport-Mesa Unified,627240,2009,3.80%,7.70%,2.20%,2.20%,0.00%,0.00%,5.90%,6.20%,2.40%,0.00%,4.00%,4.70%
CA,Norris Elementary,627450,2009,2.20%,0.00%,1.90%,0.00%,3.80%,0.00%,5.00%,7.10%,5.00%,7.50%,5.10%,2.40%
CA,North Monterey County Unified,627590,2009,-2.00%,0.00%,0.00%,0.00%,0.00%,0.00%,1.90%,0.00%,2.00%,0.00%,1.90%,0.80%
CA,Northern Humboldt Union High,603030,2009,10.90%,12.90%,0.00%,0.00%,0.00%,0.00%,4.00%,16.70%,5.80%,20.00%,7.20%,0.00%
CA,Norwalk-La Mirada Unified School District,627690,2009,1.00%,0.00%,1.60%,1.60%,0.00%,0.00%,3.40%,3.80%,2.80%,0.00%,3.30%,2.40%
CA,Novato Unified,627720,2009,12.60%,0.00%,3.20%,0.00%,3.30%,0.00%,7.50%,16.70%,4.00%,0.00%,5.30%,1.20%
CA,Oak Grove Elementary,627810,2009,6.60%,13.30%,2.40%,2.40%,0.00%,0.00%,10.00%,14.80%,8.20%,0.00%,8.00%,4.50%
CA,Oak Park Unified,627850,2009,-1.50%,0.00%,0.00%,0.00%,0.00%,0.00%,2.60%,0.00%,1.50%,0.00%,1.40%,0.00%
CA,Oak View Union Elementary,627930,2009,-2.10%,0.00%,0.00%,0.00%,0.00%,0.00%,3.10%,0.00%,2.10%,0.00%,2.40%,0.00%
CA,Oakdale Joint Unified,600062,2009,9.30%,0.00%,0.00%,0.00%,0.00%,0.00%,8.40%,18.20%,8.90%,0.00%,8.80%,8.70%
CA,Oakland Unified,628050,2009,17.40%,14.30%,3.60%,0.00%,3.00%,11.80%,7.60%,20.60%,3.20%,5.30%,10.80%,5.90%
CA,Oakley Union Elementary,628080,2009,8.90%,0.00%,2.10%,0.00%,2.30%,0.00%,4.80%,14.10%,5.20%,6.70%,6.00%,3.40%
CA,Ocean View,628140,2009,1.90%,0.00%,1.90%,0.00%,2.00%,0.00%,3.50%,4.50%,2.70%,0.00%,2.90%,2.60%
CA,Ocean View Elementary,628170,2009,-1.90%,0.00%,9.50%,9.50%,0.00%,0.00%,2.70%,0.00%,1.90%,0.00%,3.00%,0.00%
CA,Oceanside Unified,628250,2009,5.60%,11.50%,7.30%,7.30%,0.00%,0.00%,11.00%,13.10%,7.50%,0.00%,10.00%,12.60%
CA,Ojai Unified,628270,2009,-4.20%,0.00%,0.00%,0.00%,0.00%,0.00%,4.70%,0.00%,4.20%,0.00%,4.60%,1.10%
CA,Ontario-Montclair Elementary,628470,2009,2.00%,3.20%,2.70%,2.70%,0.00%,0.00%,4.50%,8.50%,6.50%,0.00%,4.70%,3.80%
CA,Orange Unified,628650,2009,4.80%,7.70%,1.70%,0.00%,1.30%,9.10%,7.60%,8.60%,3.90%,3.10%,5.60%,7.10%
CA,Orcutt Union Elementary,628710,2009,-0.60%,0.00%,4.00%,4.00%,0.00%,0.00%,3.40%,3.80%,4.50%,0.00%,4.30%,2.50%
CA,Oroville Union High,629130,2009,35.00%,38.20%,13.50%,0.00%,13.80%,0.00%,24.70%,62.50%,27.50%,0.00%,27.30%,22.60%
CA,Oxnard Elementary,629220,2009,7.90%,0.00%,1.90%,0.00%,4.90%,0.00%,5.80%,15.30%,7.40%,0.00%,5.80%,0.00%
CA,Oxnard Union High,629270,2009,3.90%,11.80%,1.90%,1.90%,0.00%,0.00%,11.30%,9.30%,5.40%,0.00%,9.60%,14.60%
CA,Pacific Elementary,629340,2009,0.00%,0.00%,0.00%,0.00%,0.00%,0.00%,0.00%,0.00%,0.00%,0.00%,0.00%,0.00%
CA,Pacific Union Elementary,629400,2009,28.60%,0.00%,0.00%,0.00%,0.00%,0.00%,5.70%,50.00%,21.40%,0.00%,9.60%,7.10%
CA,Pacific Union Elementary,629430,2009,-5.60%,0.00%,0.00%,0.00%,0.00%,0.00%,5.60%,0.00%,5.60%,0.00%,7.80%,0.00%
CA,Pacifica School District,620460,2009,18.80%,0.00%,0.70%,0.70%,0.00%,0.00%,3.30%,21.40%,2.60%,0.00%,2.50%,1.90%
CA,Pajaro Valley Unified,629490,2009,11.70%,0.00%,1.20%,0.00%,0.00%,2.20%,6.90%,13.60%,2.00%,0.00%,5.90%,6.80%
CA,Palm Springs Unified,629550,2009,13.60%,15.60%,2.60%,0.00%,1.90%,2.90%,11.40%,25.10%,11.50%,0.00%,12.10%,11.20%
CA,Palmdale Elementary,629580,2009,8.60%,15.80%,1.80%,0.00%,0.90%,16.70%,5.50%,14.00%,5.40%,4.10%,6.90%,3.00%
CA,Palo Alto Unified,629610,2009,3.30%,0.00%,0.90%,0.90%,0.00%,0.00%,4.50%,5.10%,1.70%,0.00%,1.90%,1.20%
CA,Palo Verde Unified,629640,2009,5.80%,0.00%,0.00%,0.00%,0.00%,0.00%,10.00%,14.80%,9.00%,0.00%,10.30%,12.00%
CA,Palos Verdes Peninsula Unified,629700,2009,-1.90%,0.00%,1.50%,1.50%,0.00%,0.00%,4.90%,0.00%,1.90%,0.00%,2.00%,2.20%
CA,Panama Buena Vista Union Elementary,606390,2009,12.20%,7.10%,3.60%,3.60%,0.00%,0.00%,10.30%,22.60%,10.40%,0.00%,11.20%,7.30%
CA,Paradise Unified,629820,2009,-13.00%,44.40%,8.30%,0.00%,9.10%,0.00%,14.40%,0.00%,13.00%,15.40%,13.70%,0.00%
CA,Paramount Unified,629850,2009,27.30%,0.00%,10.80%,10.80%,0.00%,0.00%,11.20%,44.70%,17.40%,0.00%,14.50%,13.60%
CA,Parlier Unified,629910,2009,0.00%,0.00%,0.00%,0.00%,0.00%,0.00%,8.20%,0.00%,0.00%,0.00%,8.30%,3.40%
CA,Pasadena Unified,629940,2009,15.50%,0.00%,3.00%,3.00%,0.00%,0.00%,9.20%,19.20%,3.70%,0.00%,9.90%,11.60%
CA,Paso Robles Joint Unified,600048,2009,4.50%,9.10%,7.10%,0.00%,4.20%,25.00%,16.70%,14.80%,10.30%,3.40%,13.60%,15.70%
CA,Patterson Joint Unified,630030,2009,6.10%,0.00%,4.90%,4.90%,0.00%,0.00%,10.30%,15.40%,9.30%,0.00%,10.20%,3.00%
CA,Perris Elementary,630180,2009,5.70%,0.00%,0.00%,0.00%,0.00%,0.00%,6.10%,15.70%,10.00%,0.00%,7.10%,7.20%
CA,Perris Union High,630210,2009,3.90%,0.00%,3.30%,0.00%,3.00%,3.40%,9.70%,12.20%,8.40%,0.00%,9.30%,13.30%
CA,Petaluma Joint Union High,630250,2009,18.00%,12.50%,0.00%,0.00%,0.00%,0.00%,16.30%,25.00%,7.00%,7.70%,9.30%,17.50%
CA,Pierce Joint Unified,630360,2009,10.80%,0.00%,0.00%,0.00%,0.00%,0.00%,10.00%,20.00%,9.20%,0.00%,10.00%,7.70%
CA,Pittsburg Unified,630600,2009,9.60%,0.00%,3.40%,0.00%,4.10%,3.00%,7.90%,19.10%,9.40%,5.70%,10.00%,6.90%
CA,Placentia-Yorba Linda Unified,630660,2009,1.10%,0.00%,1.00%,1.00%,0.00%,0.00%,5.60%,4.40%,3.30%,0.00%,3.90%,5.80%
CA,Placer Union High,630750,2009,-9.40%,13.30%,5.90%,0.00%,8.30%,0.00%,14.30%,0.00%,9.40%,1.40%,9.40%,16.70%
CA,Placerville Union Elementary,630780,2009,-7.10%,0.00%,0.00%,0.00%,0.00%,0.00%,3.20%,0.00%,7.10%,0.00%,6.60%,6.90%
CA,Pleasant Valley,630990,2009,3.80%,11.10%,2.20%,0.00%,2.00%,2.60%,4.40%,7.00%,3.20%,0.00%,3.70%,2.80%
CA,Pleasant View Elementary,631050,2009,-20.00%,0.00%,0.00%,0.00%,0.00%,0.00%,5.40%,0.00%,20.00%,0.00%,5.70%,4.90%
CA,Pleasanton Unified,600020,2009,4.10%,0.00%,1.40%,1.40%,0.00%,0.00%,4.80%,7.40%,3.30%,0.00%,2.90%,2.50%
CA,Pomona Unified,631320,2009,5.60%,6.70%,2.30%,0.00%,2.70%,1.10%,7.30%,10.90%,5.30%,0.00%,7.20%,7.50%
CA,Pond Union Elementary,631350,2009,0.00%,0.00%,0.00%,0.00%,0.00%,0.00%,12.20%,0.00%,0.00%,0.00%,14.60%,17.60%
CA,Porterville Unified,600064,2009,6.10%,17.60%,4.00%,0.00%,4.70%,0.00%,9.50%,13.80%,7.70%,11.90%,9.20%,9.50%
CA,Portola Valley Elementary,631470,2009,0.00%,0.00%,0.00%,0.00%,0.00%,0.00%,0.00%,0.00%,0.00%,0.00%,0.70%,0.00%
CA,Poway Unified,631530,2009,5.50%,0.00%,1.30%,1.30%,0.00%,0.00%,5.30%,8.00%,2.50%,0.00%,2.70%,1.70%
CA,Ramona City Unified,631710,2009,-4.80%,0.00%,0.00%,0.00%,0.00%,0.00%,3.20%,0.00%,4.80%,0.00%,4.20%,0.00%
CA,Ravenswood City Elementary,631860,2009,40.00%,0.00%,18.80%,18.80%,0.00%,0.00%,12.20%,40.00%,0.00%,0.00%,15.50%,12.90%
CA,Redding Elementary,632040,2009,17.40%,16.70%,0.00%,0.00%,0.00%,0.00%,7.90%,25.00%,7.60%,0.00%,7.50%,0.00%
CA,Redlands Unified,632070,2009,7.40%,0.00%,2.60%,2.60%,0.00%,0.00%,5.50%,12.10%,4.80%,0.00%,5.40%,1.00%
CA,Redondo Beach Unified,600032,2009,2.10%,0.00%,1.10%,1.10%,0.00%,0.00%,4.50%,5.10%,3.00%,0.00%,3.30%,3.10%
CA,Redwood City Elementary,632130,2009,0.90%,0.00%,3.70%,3.70%,0.00%,0.00%,3.60%,2.90%,2.10%,0.00%,3.30%,3.80%
CA,Reed Union Elementary,632160,2009,-1.90%,0.00%,0.00%,0.00%,0.00%,0.00%,0.00%,0.00%,1.90%,0.00%,1.60%,0.00%
CA,Rescue Union Elementary,632310,2009,-1.00%,0.00%,0.00%,0.00%,0.00%,0.00%,0.90%,0.00%,1.00%,0.00%,1.10%,0.00%
CA,Rialto Unified,632370,2009,11.10%,33.30%,6.00%,6.00%,0.00%,0.00%,11.70%,24.50%,13.40%,0.00%,13.90%,12.90%
CA,Richland Union Elementary School District,621450,2009,-3.40%,0.00%,0.00%,0.00%,0.00%,0.00%,7.40%,0.00%,3.40%,0.00%,7.20%,8.70%
CA,Rim Of The World Unified,632610,2009,1.50%,40.00%,0.00%,0.00%,0.00%,0.00%,11.60%,10.00%,8.50%,0.00%,9.40%,2.60%
CA,Rincon Valley Union Elementary,632640,2009,1.40%,0.00%,0.00%,0.00%,0.00%,0.00%,2.20%,4.50%,3.10%,0.00%,3.30%,0.00%
CA,Rio Elementary,632760,2009,7.70%,16.70%,1.70%,1.70%,0.00%,0.00%,4.80%,12.50%,4.80%,0.00%,5.00%,3.10%
CA,Ripon Unified,632880,2009,-7.50%,0.00%,3.80%,3.80%,0.00%,0.00%,8.90%,0.00%,7.50%,0.00%,8.10%,6.30%
CA,River Delta Joint Unified,633110,2009,-10.20%,0.00%,0.00%,0.00%,0.00%,0.00%,5.50%,0.00%,10.20%,0.00%,7.70%,4.20%
CA,Riverside Unified,633150,2009,7.70%,6.10%,3.50%,3.50%,0.00%,0.00%,8.30%,14.40%,6.70%,0.00%,8.10%,7.90%
CA,Rocklin Unified,600013,2009,-2.20%,3.70%,0.90%,0.00%,0.70%,1.40%,1.60%,0.00%,2.20%,0.30%,1.90%,0.00%
CA,Rosedale Union Elementary,633480,2009,8.50%,0.00%,1.60%,0.00%,1.70%,0.00%,7.00%,14.30%,5.80%,0.00%,5.90%,0.00%
CA,Rosemead Elementary,633570,2009,-5.00%,0.00%,1.20%,0.00%,1.20%,0.00%,4.90%,0.00%,5.00%,0.00%,3.10%,1.70%
CA,Roseville City Elementary,633600,2009,-3.40%,0.00%,0.00%,0.00%,0.00%,0.00%,0.00%,0.00%,3.40%,0.00%,2.30%,0.00%
CA,Roseville Joint Union High,633630,2009,2.50%,8.30%,3.10%,0.00%,2.60%,14.30%,8.50%,6.80%,4.30%,4.30%,5.10%,11.60%
CA,Ross Elementary,633660,2009,0.00%,0.00%,0.00%,0.00%,0.00%,0.00%,0.00%,0.00%,0.00%,0.00%,0.00%,0.00%
CA,Round Valley Unified,633720,2009,-36.40%,26.80%,0.00%,0.00%,0.00%,0.00%,10.00%,0.00%,36.40%,0.00%,26.60%,0.00%
CA,Rowland Unified,633750,2009,5.10%,0.00%,1.40%,0.00%,1.40%,0.00%,8.60%,8.60%,3.50%,3.50%,6.20%,7.30%
CA,Sacramento City Unified,633840,2009,15.10%,11.70%,3.70%,0.00%,3.20%,7.60%,9.30%,21.20%,6.10%,10.60%,9.60%,6.60%
CA,Saddleback Valley Unified,633860,2009,5.70%,5.00%,1.80%,0.00%,1.50%,11.80%,5.70%,8.80%,3.20%,1.50%,3.80%,4.60%
CA,Salinas City Elementary,633930,2009,-1.90%,0.00%,0.00%,0.00%,0.00%,0.00%,3.90%,2.60%,4.50%,0.00%,3.80%,3.20%
CA,Salinas Union High,633980,2009,-19.90%,16.70%,3.10%,3.10%,0.00%,0.00%,6.20%,6.20%,26.00%,0.00%,8.20%,10.20%
CA,San Benito High,634140,2009,5.10%,0.00%,5.00%,0.00%,0.00%,33.30%,10.00%,14.30%,9.20%,0.00%,9.90%,12.20%
CA,San Bernardino City Unified,634170,2009,13.70%,18.30%,6.60%,0.00%,5.10%,12.50%,11.40%,26.20%,12.60%,8.80%,13.70%,10.20%
CA,San Diego Unified,634320,2009,9.30%,8.60%,2.40%,0.00%,2.20%,6.60%,6.90%,12.60%,3.40%,0.00%,6.00%,6.20%
CA,San Dieguito Union High,634380,2009,8.40%,0.00%,2.10%,0.00%,2.20%,0.00%,7.50%,11.50%,3.10%,0.00%,3.70%,9.90%
CA,San Francisco Unified School District,634410,2009,12.20%,6.30%,1.50%,1.50%,0.00%,0.00%,5.10%,14.40%,2.20%,0.00%,4.00%,3.40%
CA,San Gabriel Unified,634425,2009,1.50%,0.00%,1.50%,0.00%,1.50%,0.00%,4.70%,2.60%,1.10%,0.00%,3.10%,5.30%
CA,San Jacinto Unified,634440,2009,8.80%,8.60%,3.80%,0.00%,4.30%,3.30%,9.20%,17.10%,8.30%,8.00%,9.60%,8.60%
CA,San Jose Unified,634590,2009,7.20%,2.00%,2.30%,2.30%,0.00%,0.00%,8.20%,10.80%,3.60%,0.00%,6.30%,6.70%
CA,San Juan Unified,634620,2009,13.90%,13.60%,4.20%,4.20%,0.00%,0.00%,10.80%,21.90%,8.00%,0.00%,9.50%,7.20%
CA,San Leandro Unified,634680,2009,11.80%,0.00%,3.90%,0.00%,3.40%,12.50%,10.30%,20.10%,8.30%,10.90%,10.10%,8.30%
CA,San Lorenzo Unified,634710,2009,18.00%,8.30%,3.90%,0.00%,3.30%,10.80%,10.30%,26.80%,8.80%,13.00%,11.30%,8.50%
CA,San Lorenzo Valley Unified,634740,2009,-2.80%,0.00%,0.00%,0.00%,0.00%,0.00%,0.00%,0.00%,2.80%,7.10%,2.70%,0.00%
CA,San Lucas Union Elementary,634770,2009,0.00%,0.00%,0.00%,0.00%,0.00%,0.00%,16.70%,0.00%,0.00%,0.00%,16.70%,16.70%
CA,San Luis Coastal Unified,634800,2009,10.20%,0.00%,1.10%,0.00%,1.20%,0.00%,7.50%,15.80%,5.60%,6.10%,6.10%,5.20%
CA,San Marcos Unified School District,634880,2009,4.60%,17.40%,1.90%,0.00%,1.70%,3.60%,7.10%,8.10%,3.50%,22.40%,5.50%,7.20%
CA,San Marino Unified,634860,2009,0.00%,0.00%,0.30%,0.30%,0.00%,0.00%,0.00%,0.00%,0.00%,0.00%,0.30%,0.00%
CA,San Mateo Union High,634980,2009,6.70%,0.00%,5.10%,0.00%,4.20%,12.30%,13.70%,12.20%,5.50%,0.00%,7.70%,10.50%
CA,San Mateo-Foster City Elementary,634920,2009,7.10%,0.00%,2.60%,2.60%,0.00%,0.00%,5.40%,10.50%,3.50%,0.00%,4.00%,4.10%
CA,San Rafael City Elementary,635090,2009,25.00%,0.00%,3.00%,3.00%,0.00%,0.00%,7.00%,26.70%,1.70%,0.00%,5.60%,6.70%
CA,San Rafael City High,635110,2009,11.50%,0.00%,3.10%,3.10%,0.00%,0.00%,10.70%,18.20%,6.70%,0.00%,8.70%,11.80%
CA,San Ramon Valley Unified,635130,2009,11.20%,0.00%,2.20%,0.00%,1.90%,40.00%,5.40%,13.90%,2.80%,0.40%,3.00%,0.40%
CA,San Ysidro Elementary,635220,2009,-4.00%,0.00%,1.60%,0.00%,1.70%,0.00%,5.00%,3.70%,7.70%,0.00%,4.80%,4.60%
CA,Sanger Unified,635250,2009,4.40%,0.00%,1.70%,0.00%,1.70%,0.00%,9.10%,8.30%,3.90%,0.00%,7.40%,0.00%
CA,Santa Ana Unified,635310,2009,9.30%,0.00%,2.60%,2.60%,0.00%,0.00%,7.30%,12.30%,3.00%,0.00%,7.10%,7.50%
CA,Santa Barbara Elementary,635360,2009,-0.40%,0.00%,0.00%,0.00%,0.00%,0.00%,2.40%,0.00%,0.40%,0.00%,2.10%,2.40%
CA,Santa Barbara High,635370,2009,4.50%,7.10%,2.20%,2.20%,0.00%,0.00%,13.50%,7.90%,3.40%,0.00%,8.90%,18.60%
CA,Santa Clara Unified,635430,2009,9.40%,0.00%,2.60%,0.00%,2.30%,10.00%,9.80%,15.20%,5.80%,4.30%,6.70%,5.70%
CA,Santa Cruz City High,635600,2009,9.30%,0.00%,2.20%,2.20%,0.00%,0.00%,8.90%,16.00%,6.70%,0.00%,7.40%,14.10%
CA,Santa Maria Joint Union High,635670,2009,3.80%,30.00%,4.20%,4.20%,0.00%,0.00%,7.90%,9.50%,5.80%,0.00%,7.60%,12.90%
CA,Santa Maria-Bonita Elementary,605580,2009,9.50%,0.00%,1.40%,0.00%,0.00%,20.00%,5.30%,16.00%,6.50%,0.00%,5.40%,4.50%
CA,Santa Monica-Malibu Unified,635700,2009,9.40%,0.00%,0.70%,0.00%,0.70%,0.00%,3.60%,12.10%,2.70%,0.00%,3.40%,2.80%
CA,Santa Paula Elementary,635730,2009,0.00%,0.00%,0.00%,0.00%,0.00%,0.00%,4.70%,0.00%,0.00%,0.00%,4.70%,4.50%
CA,Santa Rita Union Elementary,635790,2009,-1.00%,0.00%,0.00%,0.00%,0.00%,0.00%,0.90%,0.00%,1.00%,0.00%,0.80%,0.80%
CA,Santa Rosa Elementary,635810,2009,2.80%,8.30%,0.00%,0.00%,0.00%,0.00%,5.00%,5.90%,3.10%,2.90%,4.30%,5.10%
CA,Santa Rosa High,635830,2009,12.70%,48.50%,7.00%,0.00%,7.10%,6.50%,25.30%,23.60%,10.90%,22.20%,17.70%,30.80%
CA,Santee Elementary,635880,2009,0.90%,0.00%,1.10%,1.10%,0.00%,0.00%,2.70%,6.50%,5.60%,0.00%,4.40%,2.40%
CA,Saugus Union Elementary,635970,2009,0.10%,0.00%,0.30%,0.00%,0.60%,0.00%,1.50%,1.30%,1.30%,0.00%,1.30%,1.20%
CA,Scott Valley Unified School District,699999,2009,-4.30%,6.30%,0.00%,0.00%,0.00%,0.00%,5.90%,0.00%,4.30%,0.00%,5.20%,0.00%
CA,Sebastopol Union Elementary,636180,2009,33.00%,0.00%,0.00%,0.00%,0.00%,0.00%,2.60%,40.00%,7.00%,0.00%,6.60%,0.00%
CA,Seeley Union Elementary,636210,2009,-11.10%,0.00%,0.00%,0.00%,0.00%,0.00%,12.20%,0.00%,11.10%,0.00%,11.80%,12.50%
CA,Selma Unified,636270,2009,-12.10%,0.00%,3.00%,3.00%,0.00%,0.00%,7.50%,0.00%,12.10%,0.00%,7.70%,5.50%
CA,Sequoia Union High,636390,2009,22.00%,0.00%,10.90%,10.90%,0.00%,0.00%,15.30%,25.90%,4.00%,0.00%,11.00%,22.20%
CA,Shasta Union High,636600,2009,1.40%,11.80%,5.50%,5.50%,0.00%,0.00%,4.90%,7.10%,5.70%,0.00%,6.00%,0.00%
CA,Sierra Sands Unified,636800,2009,4.60%,5.30%,3.20%,0.00%,2.10%,6.30%,10.30%,12.10%,7.50%,0.00%,8.30%,10.90%
CA,Simi Valley Unified,636840,2009,2.90%,12.50%,3.30%,0.00%,2.80%,4.90%,7.40%,8.50%,5.60%,6.00%,6.00%,5.70%
CA,Siskiyou Union High,636940,2009,32.00%,36.40%,20.00%,20.00%,0.00%,0.00%,13.30%,50.00%,18.00%,0.00%,21.20%,0.00%
CA,Snowline Joint Unified,636970,2009,14.00%,0.00%,3.80%,3.80%,0.00%,0.00%,7.10%,20.80%,6.80%,0.00%,7.70%,7.20%
CA,Soledad Unified,637050,2009,16.60%,0.00%,0.00%,0.00%,0.00%,0.00%,7.30%,20.00%,3.40%,0.00%,7.30%,6.80%
CA,Somis Union Elementary,637140,2009,0.00%,0.00%,0.00%,0.00%,0.00%,0.00%,18.80%,0.00%,0.00%,0.00%,9.20%,12.50%
CA,Sonoma Valley Unified,637200,2009,-7.70%,0.00%,0.00%,0.00%,0.00%,0.00%,7.70%,0.00%,7.70%,0.00%,7.40%,0.90%
CA,Soulsbyville Elementary,637320,2009,-7.70%,0.00%,0.00%,0.00%,0.00%,0.00%,0.00%,0.00%,7.70%,0.00%,6.50%,0.00%
CA,South Bay Union Elementary,637380,2009,1.80%,0.00%,0.00%,0.00%,0.00%,0.00%,1.30%,3.00%,1.30%,0.00%,1.40%,0.70%
CA,South Pasadena Unified,637500,2009,1.60%,0.00%,1.70%,1.70%,0.00%,0.00%,4.80%,3.80%,2.30%,0.00%,2.70%,0.00%
CA,South San Francisco Unified,637530,2009,8.50%,9.10%,3.60%,3.60%,0.00%,0.00%,8.40%,18.40%,9.90%,0.00%,6.80%,5.20%
CA,South Whittier Elementary,637560,2009,-7.10%,0.00%,0.00%,0.00%,0.00%,0.00%,4.50%,0.00%,7.10%,0.00%,4.30%,3.20%
CA,Southern Humboldt Joint Unified,637590,2009,-14.10%,9.10%,0.00%,0.00%,0.00%,0.00%,0.00%,0.00%,14.10%,0.00%,11.40%,0.00%
CA,Southern Kern Unified,637620,2009,13.40%,0.00%,16.70%,16.70%,0.00%,0.00%,10.10%,24.30%,10.90%,0.00%,12.10%,7.70%
CA,Southern Trinity Joint Unified,637630,2009,-4.30%,0.00%,0.00%,0.00%,0.00%,0.00%,0.00%,0.00%,4.30%,0.00%,4.20%,0.00%
CA,Stanislaus Union Elementary,637950,2009,4.20%,0.00%,2.70%,0.00%,3.10%,0.00%,7.30%,10.50%,6.30%,9.40%,7.50%,6.60%
CA,Stockton City Unified,638010,2009,11.50%,22.50%,8.90%,8.90%,0.00%,0.00%,14.00%,28.40%,17.00%,0.00%,15.50%,11.60%
CA,Sulphur Springs Union Elementary,638220,2009,5.00%,0.00%,0.80%,0.80%,0.00%,0.00%,2.50%,6.30%,1.20%,0.00%,2.40%,1.80%
CA,Summerville Union High,638280,2009,-17.90%,25.00%,50.00%,50.00%,0.00%,0.00%,0.00%,0.00%,17.90%,0.00%,17.60%,0.00%
CA,Sunnyside Union Elementary,638430,2009,-18.20%,0.00%,0.00%,0.00%,0.00%,0.00%,6.30%,0.00%,18.20%,0.00%,6.60%,10.50%
CA,Sunnyvale Elementary,638460,2009,3.10%,16.70%,1.20%,1.20%,0.00%,0.00%,5.20%,5.10%,2.00%,0.00%,3.20%,4.20%
CA,Sunol Glen Unified,600021,2009,0.00%,0.00%,0.00%,0.00%,0.00%,0.00%,0.00%,0.00%,0.00%,0.00%,0.00%,0.00%
CA,Sylvan Union Elementary,638670,2009,17.00%,10.00%,4.10%,0.00%,3.70%,4.80%,5.30%,24.70%,7.70%,6.30%,7.40%,4.80%
CA,Taft City Elementary,638700,2009,17.00%,0.00%,0.00%,0.00%,0.00%,0.00%,9.50%,33.30%,16.40%,0.00%,13.50%,8.60%
CA,Tahoe-Truckee Joint Unified,638770,2009,-1.90%,0.00%,0.00%,0.00%,0.00%,0.00%,2.90%,0.00%,1.90%,0.00%,2.40%,3.30%
CA,Tamalpais Union High,638790,2009,17.80%,0.00%,1.80%,1.80%,0.00%,0.00%,6.10%,22.20%,4.50%,0.00%,5.00%,0.00%
CA,Tehachapi Unified,638880,2009,4.70%,0.00%,0.00%,0.00%,0.00%,0.00%,7.60%,9.10%,4.40%,0.00%,5.10%,3.30%
CA,Temecula Valley Unified,600028,2009,4.90%,13.60%,3.10%,0.00%,1.40%,32.40%,4.30%,9.40%,4.50%,1.60%,4.40%,8.20%
CA,Temple City Unified,638980,2009,-4.60%,0.00%,1.80%,0.00%,1.80%,0.00%,4.90%,0.00%,4.60%,0.00%,2.60%,0.00%
CA,Torrance Unified,639420,2009,5.40%,7.40%,2.70%,0.00%,2.60%,6.50%,7.70%,10.80%,5.40%,4.40%,5.20%,4.30%
CA,Tracy Joint Unified,600047,2009,15.80%,21.10%,6.00%,0.00%,5.00%,19.40%,14.00%,26.20%,10.40%,8.90%,12.60%,12.60%
CA,Travis Unified,639630,2009,3.70%,0.00%,4.00%,4.00%,0.00%,0.00%,5.90%,10.50%,6.80%,0.00%,7.00%,10.00%
CA,Tulare City School District,639870,2009,6.20%,0.00%,0.00%,0.00%,0.00%,0.00%,1.50%,7.40%,1.20%,0.00%,1.60%,1.60%
CA,Tulare Joint Union High,639930,2009,5.20%,0.00%,0.00%,0.00%,0.00%,0.00%,2.30%,6.90%,1.70%,0.00%,2.20%,5.10%
CA,Turlock Unified,600158,2009,22.80%,38.90%,5.90%,5.90%,0.00%,0.00%,14.20%,34.00%,11.10%,0.00%,13.20%,11.70%
CA,Tustin Unified,640150,2009,6.70%,7.70%,1.60%,0.00%,1.50%,4.00%,6.60%,10.00%,3.30%,1.10%,4.70%,6.40%
CA,Twain Harte-Long Barn Union Elementary,640200,2009,-3.30%,0.00%,0.00%,0.00%,0.00%,0.00%,0.00%,0.00%,3.30%,0.00%,3.00%,0.00%
CA,Twin Rivers Unified,601332,2009,5.40%,3.60%,2.50%,0.00%,2.20%,4.20%,2.30%,8.00%,2.60%,1.20%,3.30%,2.40%
CA,Ukiah Unified,640300,2009,-5.20%,17.10%,4.80%,0.00%,5.30%,0.00%,5.30%,0.00%,5.20%,0.00%,5.90%,4.20%
CA,Union Elementary,640320,2009,6.10%,0.00%,0.70%,0.00%,0.80%,0.00%,4.30%,8.30%,2.20%,0.00%,2.50%,0.00%
CA,Upland Unified,600016,2009,8.60%,0.00%,2.30%,0.00%,1.80%,12.50%,7.70%,14.70%,6.10%,0.00%,7.30%,5.60%
CA,Vacaville Unified,640590,2009,5.20%,6.70%,4.20%,0.00%,3.90%,4.40%,7.90%,10.50%,5.30%,0.00%,6.50%,6.40%
CA,Val Verde Unified,691135,2009,12.30%,22.20%,3.30%,0.00%,2.90%,6.70%,9.20%,24.10%,11.80%,12.70%,11.70%,7.90%
CA,Valle Lindo Elementary,640650,2009,0.00%,0.00%,0.00%,0.00%,0.00%,0.00%,2.80%,0.00%,0.00%,0.00%,3.00%,3.20%
CA,Vallecito Union Elementary,640680,2009,-3.80%,0.00%,0.00%,0.00%,0.00%,0.00%,0.00%,0.00%,3.80%,0.00%,4.60%,0.00%
CA,Vallejo City Unified,640740,2009,20.30%,30.00%,7.30%,0.00%,6.10%,19.70%,16.10%,36.70%,16.30%,29.70%,21.10%,12.80%
CA,Valley Center-Pauma Unified,600069,2009,14.20%,12.00%,5.90%,5.90%,0.00%,0.00%,5.80%,20.00%,5.80%,0.00%,6.50%,4.80%
CA,Valley Home Joint Elementary,640800,2009,-5.00%,0.00%,0.00%,0.00%,0.00%,0.00%,0.00%,0.00%,5.00%,0.00%,3.30%,0.00%
CA,Ventura Unified,640980,2009,1.60%,3.00%,0.00%,0.00%,0.00%,0.00%,1.90%,3.20%,1.60%,2.20%,1.80%,1.50%
CA,Victor Elementary,641040,2009,10.20%,25.00%,2.80%,0.00%,1.60%,10.00%,4.90%,16.60%,6.40%,0.00%,7.20%,0.00%
CA,Visalia Unified,641160,2009,26.00%,32.80%,15.70%,15.70%,0.00%,0.00%,25.70%,47.10%,21.00%,0.00%,24.70%,21.00%
CA,Vista Unified,641190,2009,7.50%,4.00%,3.20%,0.00%,1.80%,7.80%,7.40%,12.20%,4.60%,5.20%,6.60%,4.70%
CA,Walnut Creek Elementary,641250,2009,23.60%,0.00%,2.00%,0.00%,2.10%,0.00%,4.50%,28.60%,4.90%,0.00%,5.50%,0.00%
CA,Walnut Valley Unified,641280,2009,5.40%,0.00%,0.90%,0.00%,0.90%,0.00%,4.10%,8.00%,2.60%,0.00%,2.10%,1.20%
CA,Wasco Union Elementary,641400,2009,5.60%,0.00%,0.00%,0.00%,0.00%,0.00%,5.90%,8.30%,2.80%,0.00%,5.90%,6.00%
CA,Washington Colony Elementary,641460,2009,-6.70%,0.00%,0.00%,0.00%,0.00%,0.00%,3.80%,0.00%,6.70%,0.00%,4.00%,2.80%
CA,Washington Unified School District,641580,2009,6.40%,20.80%,8.90%,0.00%,6.90%,33.30%,12.40%,17.50%,11.10%,37.50%,12.20%,8.30%
CA,Waterford Unified,600063,2009,-8.70%,0.00%,0.00%,0.00%,0.00%,0.00%,17.70%,4.80%,13.50%,0.00%,13.80%,12.50%
CA,Weed Union Elementary,641980,2009,-5.30%,0.00%,0.00%,0.00%,0.00%,0.00%,7.10%,0.00%,5.30%,0.00%,6.30%,0.00%
CA,West Contra Costa Unified,632550,2009,16.20%,16.70%,5.60%,5.60%,0.00%,0.00%,12.30%,26.30%,10.10%,0.00%,13.90%,11.10%
CA,West Covina Unified,642000,2009,6.90%,0.00%,2.00%,0.00%,2.10%,0.00%,6.60%,11.60%,4.70%,0.00%,6.00%,5.60%
CA,Westminster Elementary,642150,2009,11.00%,0.00%,2.90%,0.00%,3.00%,0.00%,8.10%,16.70%,5.70%,1.60%,5.70%,5.90%
CA,Westside Union Elementary,642120,2009,10.30%,0.00%,1.80%,1.80%,0.00%,0.00%,6.50%,16.90%,6.60%,0.00%,7.90%,3.60%
CA,Whittier City Elementary,642450,2009,3.90%,0.00%,0.00%,0.00%,0.00%,0.00%,4.40%,8.30%,4.40%,0.00%,4.40%,3.10%
CA,Whittier Union High,642480,2009,6.40%,9.10%,0.00%,0.00%,0.00%,0.00%,6.40%,8.30%,2.00%,0.00%,5.80%,10.20%
CA,William S. Hart Union High,642510,2009,9.40%,11.10%,7.10%,7.10%,0.00%,0.00%,19.70%,21.90%,12.50%,0.00%,14.50%,22.20%
CA,Williams Unified,642540,2009,-4.00%,0.00%,0.00%,0.00%,0.00%,0.00%,6.80%,0.00%,4.00%,0.00%,6.20%,5.60%
CA,Windsor Unified,600034,2009,11.60%,10.70%,3.20%,3.20%,0.00%,0.00%,7.40%,15.40%,3.80%,0.00%,5.60%,8.10%
CA,Wiseburn Elementary,642990,2009,2.80%,0.00%,2.90%,2.90%,0.00%,0.00%,1.20%,4.00%,1.30%,0.00%,2.80%,0.00%
CA,Woodland Joint Unified,643080,2009,15.00%,14.30%,5.90%,0.00%,6.40%,0.00%,14.00%,26.30%,11.40%,13.20%,13.50%,13.60%
CA,Wright Elementary,643200,2009,-4.10%,0.00%,0.00%,0.00%,0.00%,0.00%,1.70%,0.00%,4.10%,0.00%,2.40%,1.60%
CA,Yosemite Unified,600160,2009,-5.00%,18.80%,0.00%,0.00%,0.00%,0.00%,5.90%,0.00%,5.00%,0.00%,6.00%,0.00%
CA,Yuba City Unified,643470,2009,8.60%,12.10%,3.90%,3.90%,0.00%,0.00%,6.30%,16.00%,7.40%,0.00%,6.70%,4.00%
CA,Yucaipa-Calimesa Joint Unified,643560,2009,-1.00%,6.30%,3.70%,0.00%,4.30%,0.00%,6.40%,6.30%,7.20%,3.70%,6.80%,7.00%
CA,Glenn Co. Office Of Education,691008,2009,-4.30%,0.00%,0.00%,0.00%,0.00%,0.00%,0.00%,0.00%,4.30%,0.00%,8.30%,0.00%
CA,Humboldt Co. Office Of Education,691009,2009,-19.40%,0.00%,0.00%,0.00%,0.00%,0.00%,10.00%,0.00%,19.40%,0.00%,13.90%,33.30%
CA,Marin Co. Office Of Education,691018,2009,20.50%,0.00%,0.00%,0.00%,0.00%,0.00%,11.10%,26.30%,5.80%,0.00%,10.10%,9.10%
CA,Orange County Department Of Education,691024,2009,7.80%,0.00%,4.30%,0.00%,3.50%,11.10%,9.00%,11.80%,4.00%,1.40%,7.10%,11.30%
CA,Riverside Co. Office Of Education,691026,2009,27.50%,50.00%,0.00%,0.00%,0.00%,0.00%,20.70%,40.60%,13.10%,0.00%,21.90%,19.70%
CA,San Bernardino Co. Supt. Of Schools Office,691029,2009,19.40%,0.00%,4.00%,4.00%,0.00%,0.00%,13.90%,25.10%,5.80%,0.00%,12.20%,21.00%
CA,San Diego County Office Of Education,691030,2009,6.40%,33.30%,20.80%,20.80%,0.00%,0.00%,24.00%,29.40%,23.00%,0.00%,24.80%,24.90%
CA,Santa Clara County Office Of Education,691035,2009,25.30%,0.00%,1.70%,0.00%,1.00%,4.80%,22.20%,32.00%,6.70%,0.00%,14.60%,7.30%
CA,Siskiyou Co. Office Of Education,691038,2009,0.00%,0.00%,0.00%,0.00%,0.00%,0.00%,0.00%,0.00%,0.00%,0.00%,0.00%,0.00%
CA,Stanislaus Co. Office Of Education,691041,2009,7.60%,22.20%,18.80%,18.80%,0.00%,0.00%,16.70%,16.10%,8.50%,0.00%,13.70%,11.70%
CA,Ventura Co. Office Of Education,691047,2009,4.20%,0.00%,0.00%,0.00%,0.00%,0.00%,12.30%,9.10%,4.90%,0.00%,9.00%,1.80%
CA,Los Angeles County Office Of Education,691078,2009,12.50%,0.00%,0.00%,0.00%,0.00%,0.00%,7.80%,14.40%,1.90%,0.00%,7.90%,6.00%
